FID,station,station_name,network,frequency,bandwidth,date_added,last_radial_file,lat,long,manufacturer,geom,url,url2
stationlist.fid-5c8e7365_197ef1eced8_3271,ACI1,Anacapa Island,UCSB,13.508,99.2594,2024-02-29,2025-06-29,34.0158,-119.3593,CODAR Ocean Sensors. SeaSonde,POINT (-119.359333 34.0158),http://hfradar.ndbc.noaa.gov/,http://hfradar.ioos.us/
stationlist.fid-5c8e7365_197ef1eced8_3272,AGL1,"Pt. Arguello, CA",SLO,4.4505,-25.7339,2010-07-21,2025-06-29,34.5769,-120.6491,CODAR Ocean Sensors. SeaSonde,POINT (-120.649083 34.576883),http://hfradar.ndbc.noaa.gov/,http://hfradar.ioos.us/
stationlist.fid-5c8e7365_197ef1eced8_3273,ANGL,"Angel Island, CA",CODAR,41.34,-600.0009,2017-01-01,2025-06-29,37.8533,-122.4192,CODAR Ocean Sensors. SeaSonde,POINT (-122.4192 37.853317),http://hfradar.ndbc.noaa.gov/,http://hfradar.ioos.us/
stationlist.fid-5c8e7365_197ef1eced8_3274,ARG1,"Pt. Arguello, CA",SLO,13.4997,-99.2594,2010-07-21,2025-06-29,34.5769,-120.6505,CODAR Ocean Sensors. SeaSonde,POINT (-120.6505 34.57695),http://hfradar.ndbc.noaa.gov/,http://hfradar.ioos.us/
stationlist.fid-5c8e7365_197ef1eced8_3275,BIGC,"Big Creek, CA",CODAR,5.2625,-22.0576,2020-10-16,2025-06-29,37.0885,-122.2734,CODAR Ocean Sensors. SeaSonde,POINT (-122.2734 37.088517),http://hfradar.ndbc.noaa.gov/,http://hfradar.ioos.us/
stationlist.fid-5c8e7365_197ef1eced8_3276,BML1,"Bodega Marine Laboratory, CA",BML,13.5,-51.4678,2006-08-19,2025-06-29,38.3174,-123.0723,CODAR Ocean Sensors. SeaSonde,POINT (-123.072317 38.317383),http://hfradar.ndbc.noaa.gov/,http://hfradar.ioos.us/
stationlist.fid-5c8e7365_197ef1eced8_3277,BMLR,"Bodega Marine Laboratory Long Range, CA",BML,4.463,-25.7339,2007-02-04,2025-06-29,38.3195,-123.0736,CODAR Ocean Sensors. SeaSonde,POINT (-123.073617 38.319533),http://hfradar.ndbc.noaa.gov/,http://hfradar.ioos.us/
stationlist.fid-5c8e7365_197ef1eced8_3278,BONI,"Bonilla Island, BC, Canada",ONC,4.463,-51.4678,2019-10-23,2025-06-29,53.4932,-130.6389,CODAR Ocean Sensors. SeaSonde,POINT (-130.63895 53.493183),http://hfradar.ndbc.noaa.gov/,http://hfradar.ioos.us/
stationlist.fid-5c8e7365_197ef1eced8_3279,BRAG,"Fort Bragg, CA",BML,4.785,-25.7339,2010-07-29,2025-06-29,39.438,-123.8161,CODAR Ocean Sensors. SeaSonde,POINT (-123.816117 39.438017),http://hfradar.ndbc.noaa.gov/,http://hfradar.ioos.us/
stationlist.fid-5c8e7365_197ef1eced8_327a,CBL1,"Cape Blanco, OR",OSU,4.785,-25.7339,2007-01-01,2025-06-29,42.8367,-124.5655,CODAR Ocean Sensors. SeaSonde,POINT (-124.5655 42.836667),http://hfradar.ndbc.noaa.gov/,http://hfradar.ioos.us/
stationlist.fid-5c8e7365_197ef1eced8_327b,COP1,Coal Oil Pt.,UCSB,13.5,99.2594,2004-10-25,2025-06-29,34.4075,-119.8788,CODAR Ocean Sensors. SeaSonde,POINT (-119.878783 34.407467),http://hfradar.ndbc.noaa.gov/,http://hfradar.ioos.us/
stationlist.fid-5c8e7365_197ef1eced8_327c,CRIS,"Crissy Field, CA",CODAR,41.34,-600.1516,2017-01-01,2025-06-29,37.8064,-122.466,CODAR Ocean Sensors. SeaSonde,POINT (-122.465967 37.806367),http://hfradar.ndbc.noaa.gov/,http://hfradar.ioos.us/
stationlist.fid-5c8e7365_197ef1eced8_327d,DCLR,"Diablo Canyon Long Range, CA",SLO,4.4505,-25.7339,2007-05-18,2025-06-29,35.2175,-120.8626,CODAR Ocean Sensors. SeaSonde,POINT (-120.862633 35.217483),http://hfradar.ndbc.noaa.gov/,http://hfradar.ioos.us/
stationlist.fid-5c8e7365_197ef1eced8_327e,DCSR,"Diablo Canyon Standard Range, CA",SLO,13.4997,-99.2594,2007-05-18,2025-06-29,35.2024,-120.8461,CODAR Ocean Sensors. SeaSonde,POINT (-120.846083 35.20245),http://hfradar.ndbc.noaa.gov/,http://hfradar.ioos.us/
stationlist.fid-5c8e7365_197ef1eced8_327f,ESTR,"Point Estero, CA",SLO,13.4997,-99.2594,2006-09-11,2025-06-29,35.4597,-120.9776,CODAR Ocean Sensors. SeaSonde,POINT (-120.977633 35.45975),http://hfradar.ndbc.noaa.gov/,http://hfradar.ioos.us/
stationlist.fid-5c8e7365_197ef1eced8_3280,EXPL,"The Exploratorium Museum, CA",CODAR,43.685,600.1516,2017-01-01,2025-06-29,37.8029,-122.3971,CODAR Ocean Sensors. SeaSonde,POINT (-122.3971 37.8029),http://hfradar.ndbc.noaa.gov/,http://hfradar.ioos.us/
stationlist.fid-5c8e7365_197ef1eced8_3281,FBK1,"FallBack22, Pt. Sal, CA",SLO,13.4997,-99.2594,2007-11-17,2025-06-29,34.8698,-120.6212,CODAR Ocean Sensors. SeaSonde,POINT (-120.6212 34.86975),http://hfradar.ndbc.noaa.gov/,http://hfradar.ioos.us/
stationlist.fid-5c8e7365_197ef1eced8_3282,FORT,"Fort Funston, CA",CODAR,24.55,-150.002,2018-02-19,2025-06-29,37.7123,-122.5013,CODAR Ocean Sensors. SeaSonde,POINT (-122.501317 37.712267),http://hfradar.ndbc.noaa.gov/,http://hfradar.ioos.us/
stationlist.fid-5c8e7365_197ef1eced8_3283,GCVE,"Gerstle Cove, Salt Point State Park, CA",BML,13.5,-51.4678,2018-09-21,2025-06-29,38.5672,-123.3315,CODAR Ocean Sensors. SeaSonde,POINT (-123.33155 38.567183),http://hfradar.ndbc.noaa.gov/,http://hfradar.ioos.us/
stationlist.fid-5c8e7365_197ef1eced8_3284,GCYN,"Granite Canyon, CA",CODAR,16.15,-49.6297,2020-09-15,2025-06-29,36.44,-121.9225,CODAR Ocean Sensors. SeaSonde,POINT (-121.922483 36.43998300000001),http://hfradar.ndbc.noaa.gov/,http://hfradar.ioos.us/
stationlist.fid-5c8e7365_197ef1eced8_3285,LOO1,"Loomis Lake, OR",OSU,4.785,-25.7339,2007-04-21,2025-06-29,46.4333,-124.0589,CODAR Ocean Sensors. SeaSonde,POINT (-124.05885 46.43325),http://hfradar.ndbc.noaa.gov/,http://hfradar.ioos.us/
stationlist.fid-5c8e7365_197ef1eced8_3286,LUIS,"Point San Luis, CA",SLO,13.4997,-99.2594,2007-12-19,2025-06-29,35.1608,-120.7584,CODAR Ocean Sensors. SeaSonde,POINT (-120.75845 35.160817),http://hfradar.ndbc.noaa.gov/,http://hfradar.ioos.us/
stationlist.fid-5c8e7365_197ef1eced8_3287,MAN1,"Manhattan Beach, OR",OSU,4.785,-25.7339,2007-01-01,2019-01-18,45.6403,-123.9418,CODAR Ocean Sensors. SeaSonde,POINT (-123.9418 45.640317),http://hfradar.ndbc.noaa.gov/,http://hfradar.ioos.us/
stationlist.fid-5c8e7365_197ef1eced8_3288,MBAC,"Monterey Bay Academy, CA",CODAR,24.55,-150.7272,2023-02-21,2025-06-29,36.903,-121.843,CODAR Ocean Sensors. SeaSonde,POINT (-121.843033 36.903017),http://hfradar.ndbc.noaa.gov/,http://hfradar.ioos.us/
stationlist.fid-5c8e7365_197ef1eced8_3289,MGS1,Mandalay Generating Station,UCSB,13.5,99.2594,2004-10-24,2025-06-29,34.2049,-119.2516,CODAR Ocean Sensors. SeaSonde,POINT (-119.251633 34.204917),http://hfradar.ndbc.noaa.gov/,http://hfradar.ioos.us/
stationlist.fid-5c8e7365_197ef1eced8_328a,MLML,"Moss Landing Marine Laboratories, CA",CODAR,24.55,-150.7272,2020-09-15,2025-06-29,36.804,-121.788,CODAR Ocean Sensors. SeaSonde,POINT (-121.787983 36.80395),http://hfradar.ndbc.noaa.gov/,http://hfradar.ioos.us/
stationlist.fid-5c8e7365_197ef1eced8_328b,MONT,"Montara Sanitary District, Montara, CA",CODAR,16.15,-51.4678,2017-01-01,2025-06-29,37.5337,-122.5192,CODAR Ocean Sensors. SeaSonde,POINT (-122.519217 37.533717),http://hfradar.ndbc.noaa.gov/,http://hfradar.ioos.us/
stationlist.fid-5c8e7365_197ef1eced8_328c,NIC1,"Nicholas Canyon, CA",UCSB,13.5,99.2594,2007-01-14,2025-06-29,34.0423,-118.9154,CODAR Ocean Sensors. SeaSonde,POINT (-118.915367 34.042333),http://hfradar.ndbc.noaa.gov/,http://hfradar.ioos.us/
stationlist.fid-5c8e7365_197ef1eced8_328d,PAFS,"Point Arena Field Station, CA",BML,4.46,-25.7339,2007-11-07,2025-06-29,38.9284,-123.7278,CODAR Ocean Sensors. SeaSonde,POINT (-123.727767 38.928433),http://hfradar.ndbc.noaa.gov/,http://hfradar.ioos.us/
stationlist.fid-5c8e7365_197ef1eced8_328e,PBON,"Point Bonita, CA",BML,24.55,-149.8081,2020-09-16,2025-06-29,37.8155,-122.5299,CODAR Ocean Sensors. SeaSonde,POINT (-122.5299 37.815483),http://hfradar.ndbc.noaa.gov/,http://hfradar.ioos.us/
stationlist.fid-5c8e7365_197ef1eced8_328f,PILR,"Pillar Point Air Force Station, CA",CODAR,4.4755,-22.0576,2017-01-01,2025-06-06,37.4967,-122.4994,CODAR Ocean Sensors. SeaSonde,POINT (-122.499367 37.49675),http://hfradar.ndbc.noaa.gov/,http://hfradar.ioos.us/
stationlist.fid-5c8e7365_197ef1eced8_3290,PPNS,"Point Pinos, Pacific Grove, CA",CODAR,13.5125,-51.4678,2020-10-09,2025-06-29,36.6367,-121.935,CODAR Ocean Sensors. SeaSonde,POINT (-121.934983 36.636717),http://hfradar.ndbc.noaa.gov/,http://hfradar.ioos.us/
stationlist.fid-5c8e7365_197ef1eced8_3291,PREY,"Point Reyes, CA",BML,13.5,-51.4678,2006-08-19,2025-06-29,38.0472,-122.9891,CODAR Ocean Sensors. SeaSonde,POINT (-122.989133 38.04715),http://hfradar.ndbc.noaa.gov/,http://hfradar.ioos.us/
stationlist.fid-5c8e7365_197ef1eced8_3292,PSG1,"Point St. George, CA",OSU,4.785,-25.7339,2007-01-01,2022-07-05,41.7845,-124.2548,CODAR Ocean Sensors. SeaSonde,POINT (-124.254817 41.7845),http://hfradar.ndbc.noaa.gov/,http://hfradar.ioos.us/
stationlist.fid-5c8e7365_197ef1eced8_3293,PSLR,"Point Sur Long Range, CA",CODAR,4.475,-22.0576,2020-09-15,2025-06-29,36.3062,-121.9013,CODAR Ocean Sensors. SeaSonde,POINT (-121.9013 36.306233),http://hfradar.ndbc.noaa.gov/,http://hfradar.ioos.us/
stationlist.fid-5c8e7365_197ef1eced8_3294,PTC1,"Point Conception, CA",SLO,13.4997,-99.2594,2010-05-13,2025-06-29,34.4487,-120.4716,CODAR Ocean Sensors. SeaSonde,POINT (-120.47165 34.448667),http://hfradar.ndbc.noaa.gov/,http://hfradar.ioos.us/
stationlist.fid-5c8e7365_197ef1eced8_3295,PTM1,"Point Mugu, CA",UCSB,13.5,99.2594,2008-08-27,2025-06-29,34.096,-119.107,CODAR Ocean Sensors. SeaSonde,POINT (-119.106983 34.096033),http://hfradar.ndbc.noaa.gov/,http://hfradar.ioos.us/
stationlist.fid-5c8e7365_197ef1eced8_3296,RAGG,"Ragged Point, CA",SLO,4.4505,-25.7339,2007-05-30,2025-06-29,35.7874,-121.3363,CODAR Ocean Sensors. SeaSonde,POINT (-121.33625 35.787367),http://hfradar.ndbc.noaa.gov/,http://hfradar.ioos.us/
stationlist.fid-5c8e7365_197ef1eced8_3297,RFG1,Refugio State Beach,UCSB,13.49,99.2594,2004-10-25,2025-06-29,34.4611,-120.077,CODAR Ocean Sensors. SeaSonde,POINT (-120.076983 34.461083),http://hfradar.ndbc.noaa.gov/,http://hfradar.ioos.us/
stationlist.fid-5c8e7365_197ef1eced8_3298,RTC1,"Romberg Tiburon Center, CA",CODAR,41.34,-601.0707,2017-01-01,2025-06-29,37.8899,-122.4459,CODAR Ocean Sensors. SeaSonde,POINT (-122.445933 37.8899),http://hfradar.ndbc.noaa.gov/,http://hfradar.ioos.us/
stationlist.fid-5c8e7365_197ef1eced8_3299,SAND,"Sandspit, BC, Canada",ONC,4.463,-51.4678,2019-10-23,2025-06-29,53.2547,-131.8108,CODAR Ocean Sensors. SeaSonde,POINT (-131.8108 53.254733),http://hfradar.ndbc.noaa.gov/,http://hfradar.ioos.us/
stationlist.fid-5c8e7365_197ef1eced8_329a,SAUS,"Sausalito-Marin City Sanitary District, CA",CODAR,41.34,-600.1516,2017-01-01,2025-06-29,37.8439,-122.4772,CODAR Ocean Sensors. SeaSonde,POINT (-122.4772 37.84395),http://hfradar.ndbc.noaa.gov/,http://hfradar.ioos.us/
stationlist.fid-5c8e7365_197ef1eced8_329b,SCCI,"Catalina Island, CA",USC,13.5,-99.2594,2006-07-18,2025-06-29,33.4469,-118.4782,CODAR Ocean Sensors. SeaSonde,POINT (-118.478217 33.446867),http://hfradar.ndbc.noaa.gov/,http://hfradar.ioos.us/
stationlist.fid-5c8e7365_197ef1eced8_329c,SCDB,"Dan Blocker, CA",USC,26.3,-99.2594,2006-09-28,2025-03-20,34.0333,-118.7337,CODAR Ocean Sensors. SeaSonde,POINT (-118.733683 34.03325),http://hfradar.ndbc.noaa.gov/,http://hfradar.ioos.us/
stationlist.fid-5c8e7365_197ef1eced8_329d,SCDH,"Dockweiler Headquarters, CA",USC,13.5,-99.2594,2006-08-17,2025-06-29,33.9432,-118.4424,CODAR Ocean Sensors. SeaSonde,POINT (-118.442383 33.943233),http://hfradar.ndbc.noaa.gov/,http://hfradar.ioos.us/
stationlist.fid-5c8e7365_197ef1eced8_329e,SCI1,"Santa Cruz Island, CA",UCSB,13.508,99.2594,2007-05-12,2025-06-29,33.9946,-119.632,CODAR Ocean Sensors. SeaSonde,POINT (-119.632033 33.994633),http://hfradar.ndbc.noaa.gov/,http://hfradar.ioos.us/
stationlist.fid-5c8e7365_197ef1eced8_329f,SCNB,"Newport Beach, CA",USC,24.55,-150.7272,2014-04-01,2025-06-29,33.606,-117.9314,CODAR Ocean Sensors. SeaSonde,POINT (-117.931417 33.606),http://hfradar.ndbc.noaa.gov/,http://hfradar.ioos.us/
stationlist.fid-5c8e7365_197ef1eced8_32a0,SCPF,"Point Fermin, CA",USC,24.55,-150.7272,2006-08-30,2025-03-18,33.7049,-118.294,CODAR Ocean Sensors. SeaSonde,POINT (-118.293983 33.704867),http://hfradar.ndbc.noaa.gov/,http://hfradar.ioos.us/
stationlist.fid-5c8e7365_197ef1eced8_32a1,SCRZ,"Santa Cruz, CA",CODAR,16.15,-49.6297,2020-09-15,2025-06-29,36.9483,-122.0659,CODAR Ocean Sensors. SeaSonde,POINT (-122.065933 36.948283),http://hfradar.ndbc.noaa.gov/,http://hfradar.ioos.us/
stationlist.fid-5c8e7365_197ef1eced8_32a2,SCTB,"Torrance Beach, CA",USC,26.3,-99.2594,2011-08-01,2025-06-29,33.8117,-118.3914,CODAR Ocean Sensors. SeaSonde,POINT (-118.391433 33.811683),http://hfradar.ndbc.noaa.gov/,http://hfradar.ioos.us/
stationlist.fid-5c8e7365_197ef1eced8_32a3,SDBP,"San Diego, Border Park",SIO,24.6002,-99.2594,2004-10-25,2025-06-25,32.5359,-117.1223,CODAR Ocean Sensors. SeaSonde,POINT (-117.122267 32.535917),http://hfradar.ndbc.noaa.gov/,http://hfradar.ioos.us/
stationlist.fid-5c8e7365_197ef1eced8_32a4,SDCP,"Camp Pendleton, CA",SIO,25.4,101.0975,2008-06-19,2025-06-29,33.2577,-117.4368,CODAR Ocean Sensors. SeaSonde,POINT (-117.4368 33.257733),http://hfradar.ndbc.noaa.gov/,http://hfradar.ioos.us/
stationlist.fid-5c8e7365_197ef1eced8_32a5,SDDP,"Dana Point, CA",SIO,25.6,-99.2594,2007-02-24,2025-06-29,33.4607,-117.7067,CODAR Ocean Sensors. SeaSonde,POINT (-117.706683 33.460683),http://hfradar.ndbc.noaa.gov/,http://hfradar.ioos.us/
stationlist.fid-5c8e7365_197ef1eced8_32a6,SDPL,"San Diego, Point Loma",SIO,24.6,-99.2594,2004-10-25,2025-06-29,32.6658,-117.2396,CODAR Ocean Sensors. SeaSonde,POINT (-117.239583 32.665833),http://hfradar.ndbc.noaa.gov/,http://hfradar.ioos.us/
stationlist.fid-5c8e7365_197ef1eced8_32a7,SDSC,"San Clemente Is, CA",SIO,5.235,-51.4678,2006-06-24,2025-06-29,32.9177,-118.4869,CODAR Ocean Sensors. SeaSonde,POINT (-118.4869 32.91775),http://hfradar.ndbc.noaa.gov/,http://hfradar.ioos.us/
stationlist.fid-5c8e7365_197ef1eced8_32a8,SDSE,"San Elijo State Beach, CA",SIO,25.4,-99.2594,2006-10-05,2025-06-29,33.0245,-117.2861,CODAR Ocean Sensors. SeaSonde,POINT (-117.286133 33.024483),http://hfradar.ndbc.noaa.gov/,http://hfradar.ioos.us/
stationlist.fid-5c8e7365_197ef1eced8_32a9,SDSL,"San Diego, Scripps Long-range",SIO,4.647,-25.7339,2006-03-07,2025-06-29,32.8694,-117.2532,CODAR Ocean Sensors. SeaSonde,POINT (-117.2532 32.8694),http://hfradar.ndbc.noaa.gov/,http://hfradar.ioos.us/
stationlist.fid-5c8e7365_197ef1eced8_32aa,SDSN,"San Clemente Island North, CA",SIO,4.48,-25.7339,2020-11-24,2025-06-29,33.0298,-118.5971,CODAR Ocean Sensors. SeaSonde,POINT (-118.597117 33.029817),http://hfradar.ndbc.noaa.gov/,http://hfradar.ioos.us/
stationlist.fid-5c8e7365_197ef1eced8_32ab,SDUT,"Upper Trestles, San Diego, CA",SIO,24.55,-99.2594,2012-07-06,2024-05-21,33.3882,-117.5955,CODAR Ocean Sensors. SeaSonde,POINT (-117.595467 33.38825),http://hfradar.ndbc.noaa.gov/,http://hfradar.ioos.us/
stationlist.fid-5c8e7365_197ef1eced8_32ac,SDWW,"Point Loma Waste Water Treatment Plant, CA",SIO,26.31,-99.2594,2008-02-19,2025-06-29,32.6799,-117.2474,CODAR Ocean Sensors. SeaSonde,POINT (-117.247417 32.679917),http://hfradar.ndbc.noaa.gov/,http://hfradar.ioos.us/
stationlist.fid-5c8e7365_197ef1eced8_32ad,SEA1,"Seaside, OR",OSU,12.247,-75.0732,2008-03-14,2021-04-28,45.9753,-123.9448,CODAR Ocean Sensors. SeaSonde,POINT (-123.9448 45.9753),http://hfradar.ndbc.noaa.gov/,http://hfradar.ioos.us/
stationlist.fid-5c8e7365_197ef1eced8_32ae,SHEL,"Shelter Cove, CA",BML,4.785,-25.7339,2010-08-22,2025-06-29,40.0334,-124.0789,CODAR Ocean Sensors. SeaSonde,POINT (-124.078867 40.033367),http://hfradar.ndbc.noaa.gov/,http://hfradar.ioos.us/
stationlist.fid-5c8e7365_197ef1eced8_32af,SLID,"Slide Ranch, CA",BML,13.5,-51.4678,2020-09-16,2025-06-29,37.8724,-122.5977,CODAR Ocean Sensors. SeaSonde,POINT (-122.597717 37.872433),http://hfradar.ndbc.noaa.gov/,http://hfradar.ioos.us/
stationlist.fid-5c8e7365_197ef1eced8_32b0,SMOA,"Humboldt Bay, Samoa, CA",BML,4.785,-25.7339,2022-07-22,2023-11-02,40.7688,-124.2188,CODAR Ocean Sensors. SeaSonde,POINT (-124.218767 40.768783),http://hfradar.ndbc.noaa.gov/,http://hfradar.ioos.us/
stationlist.fid-5c8e7365_197ef1eced8_32b1,SNI1,"San Nicolas Island, CA",UCSB,13.4397,-99.2594,2009-09-10,2023-05-04,33.2802,-119.5225,CODAR Ocean Sensors. SeaSonde,POINT (-119.5225 33.280217),http://hfradar.ndbc.noaa.gov/,http://hfradar.ioos.us/
stationlist.fid-5c8e7365_197ef1eced8_32b2,SSD1,Summerland Sanitary District,UCSB,13.5,99.2594,2005-04-12,2025-06-29,34.419,-119.5961,CODAR Ocean Sensors. SeaSonde,POINT (-119.596133 34.419033),http://hfradar.ndbc.noaa.gov/,http://hfradar.ioos.us/
stationlist.fid-5c8e7365_197ef1eced8_32b3,STV2,"Fort Stevens, OR",OSU,12.157,-75.0732,2009-07-27,2025-03-12,46.1764,-123.9784,CODAR Ocean Sensors. SeaSonde,POINT (-123.978383 46.176417),http://hfradar.ndbc.noaa.gov/,http://hfradar.ioos.us/
stationlist.fid-5c8e7365_197ef1eced8_32b4,TRIN,"Trinidad, CA",BML,4.463,-25.7339,2012-11-27,2025-06-29,41.0736,-124.1578,CODAR Ocean Sensors. SeaSonde,POINT (-124.157783 41.073567),http://hfradar.ndbc.noaa.gov/,http://hfradar.ioos.us/
stationlist.fid-5c8e7365_197ef1eced8_32b5,VATK,"Point Atkinson, West Vancouver",ONC,26.31,-219.6573,2019-11-20,2025-06-29,49.3301,-123.2644,CODAR Ocean Sensors. SeaSonde,POINT (-123.264433 49.330067),http://hfradar.ndbc.noaa.gov/,http://hfradar.ioos.us/
stationlist.fid-5c8e7365_197ef1eced8_32b6,VCOL,"Westshore Coal Terminal, Tsawwassen",ONC,24.4,-299.6163,2019-11-20,2025-06-29,49.0181,-123.1719,CODAR Ocean Sensors. SeaSonde,POINT (-123.171883 49.01805),http://hfradar.ndbc.noaa.gov/,http://hfradar.ioos.us/
stationlist.fid-5c8e7365_197ef1eced8_32b7,VDIG,"Digby Island, Prince Rupert",ONC,25.4,-299.6163,2019-11-20,2025-06-28,54.2625,-130.4255,CODAR Ocean Sensors. SeaSonde,POINT (-130.42545 54.262533),http://hfradar.ndbc.noaa.gov/,http://hfradar.ioos.us/
stationlist.fid-5c8e7365_197ef1eced8_32b8,VGPT,"Georgina Point, Canada",ONC,25.4,-299.6163,2019-11-20,2025-06-29,48.8736,-123.291,CODAR Ocean Sensors. SeaSonde,POINT (-123.291 48.87365),http://hfradar.ndbc.noaa.gov/,http://hfradar.ioos.us/
stationlist.fid-5c8e7365_197ef1eced8_32b9,VJOR,"Jordan River, BC, Canada",ONC,16.15,-99.2594,2019-11-26,2025-06-29,48.4199,-124.0453,CODAR Ocean Sensors. SeaSonde,POINT (-124.04535 48.4199),http://hfradar.ndbc.noaa.gov/,http://hfradar.ioos.us/
stationlist.fid-5c8e7365_197ef1eced8_32ba,VRID,"Ridley Island, Canada",ONC,24.4,-299.6163,2019-11-20,2025-06-29,54.2346,-130.3347,CODAR Ocean Sensors. SeaSonde,POINT (-130.334683 54.234633),http://hfradar.ndbc.noaa.gov/,http://hfradar.ioos.us/
stationlist.fid-5c8e7365_197ef1eced8_32bb,VROC,"Race Rocks, Canada",ONC,16.15,-99.2594,2020-03-26,2025-06-29,48.2978,-123.5325,CODAR Ocean Sensors. SeaSonde,POINT (-123.5325 48.297833),http://hfradar.ndbc.noaa.gov/,http://hfradar.ioos.us/
stationlist.fid-5c8e7365_197ef1eced8_32bc,VSPT,"Iona Jetty, B.C., Canada",ONC,26.31,-219.6573,2024-02-16,2025-06-29,49.2055,-123.2633,CODAR Ocean Sensors. SeaSonde,POINT (-123.2633 49.205533),http://hfradar.ndbc.noaa.gov/,http://hfradar.ioos.us/
stationlist.fid-5c8e7365_197ef1eced8_32bd,WIN1,"Winchester Bay, OR",OSU,4.463,-25.7339,2007-02-13,2025-06-29,43.6658,-124.2065,CODAR Ocean Sensors. SeaSonde,POINT (-124.2065 43.665833),http://hfradar.ndbc.noaa.gov/,http://hfradar.ioos.us/
stationlist.fid-5c8e7365_197ef1eced8_32be,WLD2,"Waldport, OR",OSU,12.2325,-75.0732,2007-01-01,2025-06-29,44.3838,-124.0897,CODAR Ocean Sensors. SeaSonde,POINT (-124.089667 44.383833),http://hfradar.ndbc.noaa.gov/,http://hfradar.ioos.us/
stationlist.fid-5c8e7365_197ef1eced8_32bf,WSH1,"Washburne, OR",OSU,13.5,-75.3636,2007-01-01,2025-06-29,44.1615,-124.1175,CODAR Ocean Sensors. SeaSonde,POINT (-124.1175 44.1615),http://hfradar.ndbc.noaa.gov/,http://hfradar.ioos.us/
stationlist.fid-5c8e7365_197ef1eced8_32c0,WSP1,"Westport State Park , WA",OSU,4.463,-25.7339,2023-01-19,2025-06-29,46.9027,-124.1316,CODAR Ocean Sensors. SeaSonde,POINT (-124.13155 46.90273300000001),http://hfradar.ndbc.noaa.gov/,http://hfradar.ioos.us/
stationlist.fid-5c8e7365_197ef1eced8_32c1,YHL1,"Yaquina Head Long, OR",OSU,4.785,-25.7339,2007-01-01,2025-06-29,44.6762,-124.0772,CODAR Ocean Sensors. SeaSonde,POINT (-124.077167 44.676167),http://hfradar.ndbc.noaa.gov/,http://hfradar.ioos.us/
stationlist.fid-5c8e7365_197ef1eced8_32c2,YHS2,"Yaquina Head South, OR",OSU,13.443,-75.3636,2008-10-03,2025-06-29,44.6742,-124.0759,CODAR Ocean Sensors. SeaSonde,POINT (-124.075867 44.6742),http://hfradar.ndbc.noaa.gov/,http://hfradar.ioos.us/
stationlist.fid-5c8e7365_197ef1eced8_32c3,AMAG,"Amagansett, New York",Rutgers,4.463,-25.7339,2014-03-27,2025-06-29,40.9693,-72.1237,CODAR Ocean Sensors. SeaSonde,POINT (-72.1237 40.969333),http://hfradar.ndbc.noaa.gov/,http://hfradar.ioos.us/
stationlist.fid-5c8e7365_197ef1eced8_32c4,ANWR,Aransas National Wildlife Refuge,TexAM,4.4505,-25.7339,2018-09-21,2025-04-29,28.1114,-96.7935,CODAR Ocean Sensors. SeaSonde,POINT (-96.7935 28.111383),http://hfradar.ndbc.noaa.gov/,http://hfradar.ioos.us/
stationlist.fid-5c8e7365_197ef1eced8_32c5,ASSA,"Assateague, MD",ODU,4.463,-25.7339,2008-10-15,2025-06-29,38.205,-75.1529,CODAR Ocean Sensors. SeaSonde,POINT (-75.1529 38.205017),http://hfradar.ndbc.noaa.gov/,http://hfradar.ioos.us/
stationlist.fid-5c8e7365_197ef1eced8_32c6,BISL,"Block Island, RI",URI,24.55,-99.2594,2007-05-08,2025-06-29,41.1526,-71.5518,CODAR Ocean Sensors. SeaSonde,POINT (-71.551833 41.152583),http://hfradar.ndbc.noaa.gov/,http://hfradar.ioos.us/
stationlist.fid-5c8e7365_197ef1eced8_32c7,BLCK,Block Island,Rutgers,4.463,-25.7339,2004-10-25,2025-04-14,41.1528,-71.5512,CODAR Ocean Sensors. SeaSonde,POINT (-71.551183 41.1528),http://hfradar.ndbc.noaa.gov/,http://hfradar.ioos.us/
stationlist.fid-5c8e7365_197ef1eced8_32c8,BRAD,"Bradley Beach, NJ",Rutgers,13.475,-49.6297,2014-12-18,2025-06-29,40.1956,-74.0088,CODAR Ocean Sensors. SeaSonde,POINT (-74.00885 40.195583),http://hfradar.ndbc.noaa.gov/,http://hfradar.ioos.us/
stationlist.fid-5c8e7365_197ef1eced8_32c9,BRIG,"Brigantine, NJ",Rutgers,4.463,-25.7339,2008-07-21,2025-06-29,39.3784,-74.399,CODAR Ocean Sensors. SeaSonde,POINT (-74.399017 39.378367),http://hfradar.ndbc.noaa.gov/,http://hfradar.ioos.us/
stationlist.fid-5c8e7365_197ef1eced8_32ca,BRMR,"Brigantine, NJ",Rutgers,13.475,-49.6297,2011-12-08,2025-06-29,39.3784,-74.3985,CODAR Ocean Sensors. SeaSonde,POINT (-74.398517 39.378417),http://hfradar.ndbc.noaa.gov/,http://hfradar.ioos.us/
stationlist.fid-5c8e7365_197ef1eced8_32cb,BRNT,"Brant Beach, NJ",Rutgers,13.475,-49.6297,2010-04-28,2022-07-27,39.6155,-74.1983,CODAR Ocean Sensors. SeaSonde,POINT (-74.1983 39.615517),http://hfradar.ndbc.noaa.gov/,http://hfradar.ioos.us/
stationlist.fid-5c8e7365_197ef1eced8_32cc,BRVW,Bridgeview Park,MTU,41.5,-299.6163,2022-02-26,2025-05-07,45.847,-84.7273,CODAR Ocean Sensors. SeaSonde,POINT (-84.727333 45.846967),http://hfradar.ndbc.noaa.gov/,http://hfradar.ioos.us/
stationlist.fid-5c8e7365_197ef1eced8_32cd,CAPE,"Rutgers Cape Shore Lab, NJ",Rutgers,26.3,-200.3569,2017-05-22,2025-06-29,39.0738,-74.9124,CODAR Ocean Sensors. SeaSonde,POINT (-74.912367 39.073767),http://hfradar.ndbc.noaa.gov/,http://hfradar.ioos.us/
stationlist.fid-5c8e7365_197ef1eced8_32ce,CDDO,"Cabo Rojo, Puerto Rico",UPR,13.5,-49.6297,2009-02-24,2025-06-29,18.101,-67.1897,CODAR Ocean Sensors. SeaSonde,POINT (-67.189683 18.101),http://hfradar.ndbc.noaa.gov/,http://hfradar.ioos.us/
stationlist.fid-5c8e7365_197ef1eced8_32cf,CDN,"Crandon, FL",UMiami,16.05,-9999,2009-04-17,2025-06-29,25.7135,-80.151,Helzel Messtechnik GmbH WERA,POINT (-80.15100000000001 25.7135),http://hfradar.ndbc.noaa.gov/,http://hfradar.ioos.us/
stationlist.fid-5c8e7365_197ef1eced8_32d0,CEDR,"Cedar Island, VA",ODU,4.5372,-25.7339,2008-10-20,2022-03-03,36.6917,-75.9226,CODAR Ocean Sensors. SeaSonde,POINT (-75.92263299999998 36.691717),http://hfradar.ndbc.noaa.gov/,http://hfradar.ioos.us/
stationlist.fid-5c8e7365_197ef1eced8_32d1,CLMH,"Clam Harbour, Nova Scotia",MEOPAR,4.812,-25.7339,2015-09-25,2019-08-15,44.7238,-62.8876,CODAR Ocean Sensors. SeaSonde,POINT (-62.88761700000001 44.72385),http://hfradar.ndbc.noaa.gov/,http://hfradar.ioos.us/
stationlist.fid-5c8e7365_197ef1eced8_32d2,CMPT,"Cape May Point, NJ",Rutgers,13.475,-49.6297,2016-08-22,2025-06-29,38.9313,-74.9613,CODAR Ocean Sensors. SeaSonde,POINT (-74.961333 38.931267),http://hfradar.ndbc.noaa.gov/,http://hfradar.ioos.us/
stationlist.fid-5c8e7365_197ef1eced8_32d3,CNS,Canaveral National Seashore,SKIO,13.479,99.931,2022-02-25,2025-05-08,28.9283,-80.8233,"Helzel Messtechnik GmbH, WERA.",POINT (-80.82333299999998 28.928333),http://hfradar.ndbc.noaa.gov/,http://hfradar.ioos.us/
stationlist.fid-5c8e7365_197ef1eced8_32d4,CORE,"Core Banks, NC",UNC,4.463,-25.7339,2013-10-24,2025-06-02,34.7601,-76.4114,CODAR Ocean Sensors. SeaSonde,POINT (-76.411367 34.760083),http://hfradar.ndbc.noaa.gov/,http://hfradar.ioos.us/
stationlist.fid-5c8e7365_197ef1eced8_32d5,CPLF,"Chevron Pipeline Facility, LA",Fugro,4.49,-25.7339,2019-09-10,2024-08-13,29.1031,-90.19,CODAR Ocean Sensors. SeaSonde,POINT (-90.189967 29.103067),http://hfradar.ndbc.noaa.gov/,http://hfradar.ioos.us/
stationlist.fid-5c8e7365_197ef1eced8_32d6,CPVN,"Camp Varnum, RI",WHOI,16.1496,100,2019-08-01,2025-06-29,41.448,-71.4319,UH LERA,POINT (-71.43185600000002 41.447989),http://hfradar.ndbc.noaa.gov/,http://hfradar.ioos.us/
stationlist.fid-5c8e7365_197ef1eced8_32d7,CSW,"Fort Caswell, NC",SC,5.262,-24.983,2012-02-16,2025-06-29,33.8892,-78.0258,"Helzel Messtechnik GmbH, WERA.",POINT (-78.02583299999998 33.889167),http://hfradar.ndbc.noaa.gov/,http://hfradar.ioos.us/
stationlist.fid-5c8e7365_197ef1eced8_32d8,ESPT,"Eastern Point Retreat House, MA",WHOI,13.5,99.2594,2020-11-19,2025-06-29,42.5862,-70.6506,CODAR Ocean Sensors. SeaSonde,POINT (-70.65055600000002 42.58625),http://hfradar.ndbc.noaa.gov/,http://hfradar.ioos.us/
stationlist.fid-5c8e7365_197ef1eced8_32d9,FARO,"Cabo Rojo Lighthouse at Cabo Rojo, Puerto Rico",UPR,4.463,-25.7339,2015-06-10,2025-06-29,17.9334,-67.192,CODAR Ocean Sensors. SeaSonde,POINT (-67.192 17.933367),http://hfradar.ndbc.noaa.gov/,http://hfradar.ioos.us/
stationlist.fid-5c8e7365_197ef1eced8_32da,FDS,"Ft. De Soto, FL",USF,13.5,89.49,2010-07-24,2024-09-26,27.6358,-82.7381,"Helzel Messtechnik GmbH, WERA.",POINT (-82.738056 27.635833),http://hfradar.ndbc.noaa.gov/,http://hfradar.ioos.us/
stationlist.fid-5c8e7365_197ef1eced8_32db,FLND,"First Landing State Park, VA",ODU,26.251,-100.1785,2019-05-08,2025-06-29,36.9194,-76.0539,CODAR Ocean Sensors. SeaSonde,POINT (-76.053917 36.91943300000001),http://hfradar.ndbc.noaa.gov/,http://hfradar.ioos.us/
stationlist.fid-5c8e7365_197ef1eced8_32dc,FOCF,"Fourth Cliff Recreation Area, MA",WHOI,26.3103,220.5764,2020-10-01,2025-06-29,42.1599,-70.7049,CODAR Ocean Sensors,POINT (-70.704883 42.159917),http://hfradar.ndbc.noaa.gov/,http://hfradar.ioos.us/
stationlist.fid-5c8e7365_197ef1eced8_32dd,FRDO,"Reserva Natural Cabezas de San Juan, Fajardo",UPR,13.5,-49.6297,2023-03-28,2024-10-06,18.3865,-65.6193,CODAR Ocean Sensors. SeaSonde,POINT (-65.6193 18.386467),http://hfradar.ndbc.noaa.gov/,http://hfradar.ioos.us/
stationlist.fid-5c8e7365_197ef1eced8_32de,FTMK,Fort Michilimackinac,MTU,41.5,-299.6163,2022-04-22,2025-04-29,45.7864,-84.737,CODAR Ocean Sensors. SeaSonde,POINT (-84.73701700000002 45.7864),http://hfradar.ndbc.noaa.gov/,http://hfradar.ioos.us/
stationlist.fid-5c8e7365_197ef1eced8_32df,FURA,"Anasco, Puerto Rico",UPR,13.5,-49.6297,2009-12-04,2025-06-29,18.2921,-67.1983,CODAR Ocean Sensors. SeaSonde,POINT (-67.198267 18.2921),http://hfradar.ndbc.noaa.gov/,http://hfradar.ioos.us/
stationlist.fid-5c8e7365_197ef1eced8_32e0,GCAP,"Great Captain Island, CT",UConn,24.55,-150.7272,2008-01-16,2025-06-29,40.9826,-73.6238,CODAR Ocean Sensors. SeaSonde,POINT (-73.62378299999997 40.98255),http://hfradar.ndbc.noaa.gov/,http://hfradar.ioos.us/
stationlist.fid-5c8e7365_197ef1eced8_32e1,GPTP,"Gulfport Harbor Pier, MS",USM,25.2,-150.7272,2021-05-31,2025-06-29,30.3478,-89.087,CODAR Ocean Sensors. SeaSonde,POINT (-89.08698299999998 30.347783),http://hfradar.ndbc.noaa.gov/,http://hfradar.ioos.us/
stationlist.fid-5c8e7365_197ef1eced8_32e2,GTN,"Georgetown, SC",SC,5.262,24.983,2012-02-16,2025-06-29,33.3561,-79.1528,"Helzel Messtechnik GmbH, WERA.",POINT (-79.152778 33.356111),http://hfradar.ndbc.noaa.gov/,http://hfradar.ioos.us/
stationlist.fid-5c8e7365_197ef1eced8_32e3,HATY,"Cape Hatteras, NC",UNC,4.488,-25.7339,2006-08-29,2025-06-29,35.2563,-75.5207,CODAR Ocean Sensors. SeaSonde,POINT (-75.520717 35.25625),http://hfradar.ndbc.noaa.gov/,http://hfradar.ioos.us/
stationlist.fid-5c8e7365_197ef1eced8_32e4,HBSP,"Henderson Beach State Park, FL",USM,4.54,-25.7339,2008-02-03,2025-06-29,30.3832,-86.4338,CODAR Ocean Sensors. SeaSonde,POINT (-86.433817 30.383217),http://hfradar.ndbc.noaa.gov/,http://hfradar.ioos.us/
stationlist.fid-5c8e7365_197ef1eced8_32e5,HBSR,"Horseneck Beach State Reserve, MA",WHOI,16.1498,100,2019-08-08,2025-06-29,41.5088,-71.0687,UH LERA,POINT (-71.0687 41.5088),http://hfradar.ndbc.noaa.gov/,http://hfradar.ioos.us/
stationlist.fid-5c8e7365_197ef1eced8_32e6,HEMP,"Hempstead, NY",Rutgers,4.463,-25.7339,2012-05-28,2025-06-29,40.5868,-73.5898,CODAR Ocean Sensors. SeaSonde,POINT (-73.58981700000002 40.586783),http://hfradar.ndbc.noaa.gov/,http://hfradar.ioos.us/
stationlist.fid-5c8e7365_197ef1eced8_32e7,HILL,"Hillsboro, FL",FAU,13.4499,-49.6297,2017-04-21,2025-06-29,26.2625,-80.0803,CODAR Ocean Sensors. SeaSonde,POINT (-80.08035 26.26245),http://hfradar.ndbc.noaa.gov/,http://hfradar.ioos.us/
stationlist.fid-5c8e7365_197ef1eced8_32e8,HLGT,"Holgate, NJ",Rutgers,13.475,-49.6297,2022-07-29,2025-06-29,39.532,-74.2621,CODAR Ocean Sensors. SeaSonde,POINT (-74.26213299999998 39.532033),http://hfradar.ndbc.noaa.gov/,http://hfradar.ioos.us/
stationlist.fid-5c8e7365_197ef1eced8_32e9,HLPN,"Cape Henlopen, DE",Rutgers,24.55,-149.8081,2016-07-23,2025-06-29,38.794,-75.0892,CODAR Ocean Sensors. SeaSonde,POINT (-75.08918299999998 38.794033),http://hfradar.ndbc.noaa.gov/,http://hfradar.ioos.us/
stationlist.fid-5c8e7365_197ef1eced8_32ea,HOOK,Sandy Hook,Rutgers,4.463,-25.7339,2004-10-25,2025-06-29,40.4301,-73.9836,CODAR Ocean Sensors. SeaSonde,POINT (-73.983583 40.4301),http://hfradar.ndbc.noaa.gov/,http://hfradar.ioos.us/
stationlist.fid-5c8e7365_197ef1eced8_32eb,HTR,"Hightower Beach, FL",FIT,13.4998,89.49,2024-06-25,2025-06-29,28.1936,-80.5939,"Helzel Messtechnik GmbH, WERA.",POINT (-80.593889 28.193611),http://hfradar.ndbc.noaa.gov/,http://hfradar.ioos.us/
stationlist.fid-5c8e7365_197ef1eced8_32ec,JEFF,"Ft Jefferson, FL",USF,5.2625,-25.7339,2024-02-27,2024-11-13,24.6266,-82.8733,CODAR Ocean Sensors. SeaSonde,POINT (-82.873267 24.626633),http://hfradar.ndbc.noaa.gov/,http://hfradar.ioos.us/
stationlist.fid-5c8e7365_197ef1eced8_32ed,JEK,"Jekyll Island, GA, USA",SKIO,13.548,99.931,2010-05-27,2025-06-29,31.0978,-81.4028,"Helzel Messtechnik GmbH, WERA.",POINT (-81.402778 31.097778),http://hfradar.ndbc.noaa.gov/,http://hfradar.ioos.us/
stationlist.fid-5c8e7365_197ef1eced8_32ee,JENN,Jennettes Pier,UNC,4.488,-25.7339,2023-03-15,2025-06-29,35.9096,-75.596,CODAR Ocean Sensors. SeaSonde,POINT (-75.59603299999998 35.90955),http://hfradar.ndbc.noaa.gov/,http://hfradar.ioos.us/
stationlist.fid-5c8e7365_197ef1eced8_32ef,KSC,"Kennedy Space Center, FL",SKIO,13.55,99.931,2024-06-07,2025-06-12,28.5936,-80.5811,"Helzel Messtechnik GmbH, WERA.",POINT (-80.58111099999998 28.593611),http://hfradar.ndbc.noaa.gov/,http://hfradar.ioos.us/
stationlist.fid-5c8e7365_197ef1eced8_32f0,LEWE,"Lewes, DE",Rutgers,26.3,-199.4378,2021-06-10,2025-06-29,38.7818,-75.1282,CODAR Ocean Sensors. SeaSonde,POINT (-75.12825 38.781783),http://hfradar.ndbc.noaa.gov/,http://hfradar.ioos.us/
stationlist.fid-5c8e7365_197ef1eced8_32f1,LISL,"Little Island Park, VA",ODU,4.463,-25.7339,2009-01-21,2025-06-29,36.6917,-75.9226,CODAR Ocean Sensors. SeaSonde,POINT (-75.92263299999998 36.691717),http://hfradar.ndbc.noaa.gov/,http://hfradar.ioos.us/
stationlist.fid-5c8e7365_197ef1eced8_32f2,LOVE,Loveladies,Rutgers,4.463,-25.7339,2004-10-25,2025-06-29,39.7362,-74.1171,CODAR Ocean Sensors. SeaSonde,POINT (-74.11705 39.736233),http://hfradar.ndbc.noaa.gov/,http://hfradar.ioos.us/
stationlist.fid-5c8e7365_197ef1eced8_32f3,LPWR,"Long Point Wildlife Refuge, MA",WHOI,16.15,100,2014-08-29,2025-06-26,41.3488,-70.6391,UH LERA,POINT (-70.6391 41.3488),http://hfradar.ndbc.noaa.gov/,http://hfradar.ioos.us/
stationlist.fid-5c8e7365_197ef1eced8_32f4,MABO,"Punta Tuna Lighthouse, Maunabo, Puerto Rico",UPR,4.463,-25.7339,2016-01-22,2025-05-15,17.9881,-65.885,CODAR Ocean Sensors. SeaSonde,POINT (-65.885 17.98813299999999),http://hfradar.ndbc.noaa.gov/,http://hfradar.ioos.us/
stationlist.fid-5c8e7365_197ef1eced8_32f5,MARA,"Marathon, FL",USF,5.2625,-25.7339,2020-01-01,2025-06-29,24.7401,-80.9833,CODAR Ocean Sensors. SeaSonde,POINT (-80.9833 24.740133),http://hfradar.ndbc.noaa.gov/,http://hfradar.ioos.us/
stationlist.fid-5c8e7365_197ef1eced8_32f6,MBNP,Matagorda Bay Nature Park,TexAM,4.4505,-25.7339,2018-07-16,2025-05-01,28.6044,-95.9613,CODAR Ocean Sensors. SeaSonde,POINT (-95.96125 28.604367),http://hfradar.ndbc.noaa.gov/,http://hfradar.ioos.us/
stationlist.fid-5c8e7365_197ef1eced8_32f7,MBP,"Myrtle Beach State Park, SC",SC,13.5,99.931,2021-11-30,2025-06-29,33.6486,-78.9275,"Helzel Messtechnik GmbH, WERA.",POINT (-78.9275 33.648611),http://hfradar.ndbc.noaa.gov/,http://hfradar.ioos.us/
stationlist.fid-5c8e7365_197ef1eced8_32f8,MCPK,"McCollum Park Beach City, TX",RATES,24.55,-150.7272,2022-12-06,2025-06-29,29.7445,-94.8287,CODAR Ocean Sensors. SeaSonde,POINT (-94.828667 29.744533),http://hfradar.ndbc.noaa.gov/,http://hfradar.ioos.us/
stationlist.fid-5c8e7365_197ef1eced8_32f9,MISQ,"Misquamicut, RI",URI,24.55,-99.2594,2007-05-08,2025-06-29,41.3229,-71.8042,CODAR Ocean Sensors. SeaSonde,POINT (-71.80421700000002 41.322933),http://hfradar.ndbc.noaa.gov/,http://hfradar.ioos.us/
stationlist.fid-5c8e7365_197ef1eced8_32fa,MNTK,"Montauk, NY",URI,26.31,-99.2594,2007-04-28,2024-12-21,41.071,-71.8567,CODAR Ocean Sensors. SeaSonde,POINT (-71.85673299999998 41.070967),http://hfradar.ndbc.noaa.gov/,http://hfradar.ioos.us/
stationlist.fid-5c8e7365_197ef1eced8_32fb,MOLA,"Moses Lake Floodgate, Texas City, TX",RATES,24.55,-150.7272,2022-12-10,2025-06-29,29.4457,-94.9171,CODAR Ocean Sensors. SeaSonde,POINT (-94.917083 29.4457),http://hfradar.ndbc.noaa.gov/,http://hfradar.ioos.us/
stationlist.fid-5c8e7365_197ef1eced8_32fc,MRCH,"Moriches, NY",Rutgers,4.463,-25.7339,2007-01-10,2025-06-29,40.7882,-72.7452,CODAR Ocean Sensors. SeaSonde,POINT (-72.74525 40.788183),http://hfradar.ndbc.noaa.gov/,http://hfradar.ioos.us/
stationlist.fid-5c8e7365_197ef1eced8_32fd,MVCO,"Martha's Vineyard, MA",Rutgers,4.438,-25.7339,2010-07-27,2023-12-18,41.35,-70.5266,CODAR Ocean Sensors. SeaSonde,POINT (-70.52663299999998 41.35),http://hfradar.ndbc.noaa.gov/,http://hfradar.ioos.us/
stationlist.fid-5c8e7365_197ef1eced8_32fe,NANT,"Nantucket Island, MA",Rutgers,4.463,-25.7339,2010-09-10,2025-06-29,41.2505,-69.9741,CODAR Ocean Sensors. SeaSonde,POINT (-69.974067 41.25045),http://hfradar.ndbc.noaa.gov/,http://hfradar.ioos.us/
stationlist.fid-5c8e7365_197ef1eced8_32ff,NAPL,"Naples, FL",USF,5.2625,-25.7339,2006-07-27,2025-06-29,26.1631,-81.8107,CODAR Ocean Sensors. SeaSonde,POINT (-81.81066700000002 26.163117),http://hfradar.ndbc.noaa.gov/,http://hfradar.ioos.us/
stationlist.fid-5c8e7365_197ef1eced8_3300,NAUS,"Nauset, MA",UMassDart,4.45,-25.7339,2007-12-06,2025-03-21,41.8442,-69.9472,CODAR Ocean Sensors. SeaSonde,POINT (-69.947233 41.844217),http://hfradar.ndbc.noaa.gov/,http://hfradar.ioos.us/
stationlist.fid-5c8e7365_197ef1eced8_3301,NKL,"North Key Largo, FL",UMiami,12.7,-9999,2009-04-17,2025-06-29,25.241,-80.308,Helzel Messtechnik GmbH WERA,POINT (-80.308 25.241),http://hfradar.ndbc.noaa.gov/,http://hfradar.ioos.us/
stationlist.fid-5c8e7365_197ef1eced8_3302,NWTP,"Nantucket, MA",WHOI,16.1502,100,2016-05-12,2025-06-29,41.2419,-70.1069,UH LERA,POINT (-70.106903 41.241933),http://hfradar.ndbc.noaa.gov/,http://hfradar.ioos.us/
stationlist.fid-5c8e7365_197ef1eced8_3303,OBSP,"Orange Beach State Park, AL",USM,4.58,-25.7339,2008-01-11,2025-06-29,30.2494,-87.6685,CODAR Ocean Sensors. SeaSonde,POINT (-87.66845 30.249433),http://hfradar.ndbc.noaa.gov/,http://hfradar.ioos.us/
stationlist.fid-5c8e7365_197ef1eced8_3304,OCRA,"Ocracoke Island, NC",UNC,4.463,-25.7339,2021-07-08,2025-06-29,35.103,-75.9604,CODAR Ocean Sensors. SeaSonde,POINT (-75.960433 35.103),http://hfradar.ndbc.noaa.gov/,http://hfradar.ioos.us/
stationlist.fid-5c8e7365_197ef1eced8_3305,OLDB,"Old Bridge Waterfront Park, NJ",Rutgers,26.3,-149.8081,2015-10-13,2025-06-29,40.4621,-74.2535,CODAR Ocean Sensors. SeaSonde,POINT (-74.2535 40.462117),http://hfradar.ndbc.noaa.gov/,http://hfradar.ioos.us/
stationlist.fid-5c8e7365_197ef1eced8_3306,PCYC,"Pass Christian Yacht Club, MS",USM,25.6,-150.7272,2017-09-18,2025-06-29,30.3122,-89.2415,CODAR Ocean Sensors. SeaSonde,POINT (-89.2415 30.31223300000001),http://hfradar.ndbc.noaa.gov/,http://hfradar.ioos.us/
stationlist.fid-5c8e7365_197ef1eced8_3307,PINS,"Padre Island, TX",TexAM,4.4505,-25.7339,2016-12-20,2025-01-21,27.4226,-97.2995,CODAR Ocean Sensors. SeaSonde,POINT (-97.299517 27.4226),http://hfradar.ndbc.noaa.gov/,http://hfradar.ioos.us/
stationlist.fid-5c8e7365_197ef1eced8_3308,PLA8,"Placement 8, Port Arthur,TX",RATES,43.675,-299.6163,2023-01-31,2024-08-16,29.7957,-93.9346,CODAR Ocean Sensors. SeaSonde,POINT (-93.93455 29.795717),http://hfradar.ndbc.noaa.gov/,http://hfradar.ioos.us/
stationlist.fid-5c8e7365_197ef1eced8_3309,PLPI,"Pleasure Pier Blvd, Port Arthur, TX",RATES,43.675,-299.6163,2023-02-01,2024-07-10,29.8651,-93.9238,CODAR Ocean Sensors. SeaSonde,POINT (-93.923783 29.865083),http://hfradar.ndbc.noaa.gov/,http://hfradar.ioos.us/
stationlist.fid-5c8e7365_197ef1eced8_330a,PMGC,Port Mansfield GERG Codar,TexAM,4.4505,-25.7339,2023-03-10,2024-05-02,26.6603,-97.455,CODAR Ocean Sensors. SeaSonde,POINT (-97.454983 26.660283),http://hfradar.ndbc.noaa.gov/,http://hfradar.ioos.us/
stationlist.fid-5c8e7365_197ef1eced8_330b,POPB,"Popham Beach State Park, ME",WHOI,16.1502,100,2025-02-04,2025-06-29,43.7379,-69.795,UH LERA,POINT (-69.794978 43.737944),http://hfradar.ndbc.noaa.gov/,http://hfradar.ioos.us/
stationlist.fid-5c8e7365_197ef1eced8_330c,PORT,"Port Monmouth, NJ",Rutgers,26.3,-149.8081,2012-03-30,2025-06-29,40.4413,-74.0993,CODAR Ocean Sensors. SeaSonde,POINT (-74.099333 40.4413),http://hfradar.ndbc.noaa.gov/,http://hfradar.ioos.us/
stationlist.fid-5c8e7365_197ef1eced8_330d,PTWN,"Provincetown, MA",WHOI,13.5,99.2594,2017-01-04,2025-06-29,42.0788,-70.2203,CODAR Ocean Sensors. SeaSonde,POINT (-70.220333 42.078833),http://hfradar.ndbc.noaa.gov/,http://hfradar.ioos.us/
stationlist.fid-5c8e7365_197ef1eced8_330e,PYFC,"Ponce Yacht and Fishing Club at Ponce, Puerto Rico",UPR,4.463,-25.7339,2015-06-09,2025-06-29,17.9628,-66.6183,CODAR Ocean Sensors. SeaSonde,POINT (-66.61833299999999 17.962767),http://hfradar.ndbc.noaa.gov/,http://hfradar.ioos.us/
stationlist.fid-5c8e7365_197ef1eced8_330f,RATH,"Strathmere, NJ",Rutgers,13.475,-49.6297,2012-01-05,2025-06-29,39.1989,-74.653,CODAR Ocean Sensors. SeaSonde,POINT (-74.652967 39.198867),http://hfradar.ndbc.noaa.gov/,http://hfradar.ioos.us/
stationlist.fid-5c8e7365_197ef1eced8_3310,RDSR,"Reddington, FL",USF,5.2625,-25.7339,2006-07-31,2025-06-29,27.8328,-82.8346,CODAR Ocean Sensors. SeaSonde,POINT (-82.834633 27.8328),http://hfradar.ndbc.noaa.gov/,http://hfradar.ioos.us/
stationlist.fid-5c8e7365_197ef1eced8_3311,SBAY,"Club de Pesca Rec Isla de Cabras, San Juan Bay",UPR,13.5,-49.6297,2021-04-28,2025-02-17,18.4751,-66.1398,CODAR Ocean Sensors. SeaSonde,POINT (-66.139783 18.47506700000001),http://hfradar.ndbc.noaa.gov/,http://hfradar.ioos.us/
stationlist.fid-5c8e7365_197ef1eced8_3312,SBSR,"Salisbury Beach State Reservation, MA",WHOI,5.2625,25.7339,2023-03-26,2025-06-29,42.8289,-70.8145,CODAR Ocean Sensors. SeaSonde,POINT (-70.8145 42.82888300000001),http://hfradar.ndbc.noaa.gov/,http://hfradar.ioos.us/
stationlist.fid-5c8e7365_197ef1eced8_3313,SCOV,"Sandy Cove, Nova Scotia",MEOPAR,4.4505,-25.7339,2015-09-25,2025-06-29,44.4684,-63.5522,CODAR Ocean Sensors. SeaSonde,POINT (-63.5522 44.468383),http://hfradar.ndbc.noaa.gov/,http://hfradar.ioos.us/
stationlist.fid-5c8e7365_197ef1eced8_3314,SEAB,"Sea Bright, NJ",Rutgers,13.475,-49.6297,2008-10-08,2025-06-29,40.3668,-73.9735,CODAR Ocean Sensors. SeaSonde,POINT (-73.973517 40.366817),http://hfradar.ndbc.noaa.gov/,http://hfradar.ioos.us/
stationlist.fid-5c8e7365_197ef1eced8_3315,SGRV,"Singing River, MS",USM,4.75,29.4102,2010-04-29,2025-06-29,30.3339,-88.5686,CODAR Ocean Sensors. SeaSonde,POINT (-88.568567 30.3339),http://hfradar.ndbc.noaa.gov/,http://hfradar.ioos.us/
stationlist.fid-5c8e7365_197ef1eced8_3316,SILD,"Staten Island, NY",Rutgers,26.3,-149.8081,2017-12-14,2025-06-29,40.5436,-74.1245,CODAR Ocean Sensors. SeaSonde,POINT (-74.124533 40.543633),http://hfradar.ndbc.noaa.gov/,http://hfradar.ioos.us/
stationlist.fid-5c8e7365_197ef1eced8_3317,SISL,"Silver Slipper Casino, MS",USM,24.55,-150.7272,2017-09-15,2025-06-29,30.2392,-89.4239,CODAR Ocean Sensors. SeaSonde,POINT (-89.42388299999998 30.239183),http://hfradar.ndbc.noaa.gov/,http://hfradar.ioos.us/
stationlist.fid-5c8e7365_197ef1eced8_3318,SMPT,"Smith Point, Anahuac,TX",RATES,24.55,-150.7272,2022-12-08,2025-06-29,29.5464,-94.7881,CODAR Ocean Sensors. SeaSonde,POINT (-94.7881 29.546417),http://hfradar.ndbc.noaa.gov/,http://hfradar.ioos.us/
stationlist.fid-5c8e7365_197ef1eced8_3319,SPRK,"Seaside Park, NJ",Rutgers,13.475,-49.6297,2011-03-15,2025-06-29,39.9325,-74.0726,CODAR Ocean Sensors. SeaSonde,POINT (-74.07255 39.9325),http://hfradar.ndbc.noaa.gov/,http://hfradar.ioos.us/
stationlist.fid-5c8e7365_197ef1eced8_331a,SSDE,"Surfside, TX",TexAM,4.4505,-25.7339,2016-06-07,2024-07-08,29.0077,-95.2155,CODAR Ocean Sensors. SeaSonde,POINT (-95.2155 29.007717),http://hfradar.ndbc.noaa.gov/,http://hfradar.ioos.us/
stationlist.fid-5c8e7365_197ef1eced8_331b,STF,"Dania Beach, FL",UMiami,12.7,-9999,2009-04-17,2024-11-30,26.083,-80.1167,Helzel Messtechnik GmbH WERA,POINT (-80.1167 26.083),http://hfradar.ndbc.noaa.gov/,http://hfradar.ioos.us/
stationlist.fid-5c8e7365_197ef1eced8_331c,STLI,"Stehli Beach, NY",UConn,26.31,-150.7272,2008-01-23,2025-06-29,40.9087,-73.5873,CODAR Ocean Sensors. SeaSonde,POINT (-73.587283 40.90875),http://hfradar.ndbc.noaa.gov/,http://hfradar.ioos.us/
stationlist.fid-5c8e7365_197ef1eced8_331d,SUNS,"Sunset Beach Resort, Cape Charles, VA",ODU,26.251,-100.1785,2011-06-13,2025-06-29,37.1379,-75.9721,CODAR Ocean Sensors. SeaSonde,POINT (-75.972133 37.1379),http://hfradar.ndbc.noaa.gov/,http://hfradar.ioos.us/
stationlist.fid-5c8e7365_197ef1eced8_331e,SWPP,"Southwest Pass, LA",Fugro,4.49,-25.7339,2019-08-22,2022-02-21,28.932,-89.4064,CODAR Ocean Sensors. SeaSonde,POINT (-89.406417 28.93195),http://hfradar.ndbc.noaa.gov/,http://hfradar.ioos.us/
stationlist.fid-5c8e7365_197ef1eced8_331f,THOM,"St Thomas, USVI",UPR,4.463,-25.7339,2024-02-29,2025-01-14,18.3076,-64.9571,CODAR Ocean Sensors. SeaSonde,POINT (-64.95706700000001 18.30765),http://hfradar.ndbc.noaa.gov/,http://hfradar.ioos.us/
stationlist.fid-5c8e7365_197ef1eced8_3320,TLSP,"Two Lights State Park, ME",WHOI,16.15,100,2025-02-04,2025-06-29,43.5592,-70.206,UH LERA,POINT (-70.20604200000001 43.5592),http://hfradar.ndbc.noaa.gov/,http://hfradar.ioos.us/
stationlist.fid-5c8e7365_197ef1eced8_3321,TRS,"Treasure Shores, FL",FIT,13.575,49.965,2022-11-30,2025-06-29,27.7986,-80.4158,"Helzel Messtechnik GmbH, WERA.",POINT (-80.41583299999998 27.798611),http://hfradar.ndbc.noaa.gov/,http://hfradar.ioos.us/
stationlist.fid-5c8e7365_197ef1eced8_3322,VEN,"Venice, FL",USF,13.5,89.49,2010-09-25,2024-08-06,27.0756,-82.4511,"Helzel Messtechnik GmbH, WERA.",POINT (-82.451111 27.075556),http://hfradar.ndbc.noaa.gov/,http://hfradar.ioos.us/
stationlist.fid-5c8e7365_197ef1eced8_3323,VENI,"Venice, FL",USF,5.2625,-25.7339,2006-06-18,2025-06-29,27.0776,-82.4516,CODAR Ocean Sensors. SeaSonde,POINT (-82.451633 27.077617),http://hfradar.ndbc.noaa.gov/,http://hfradar.ioos.us/
stationlist.fid-5c8e7365_197ef1eced8_3324,VIEW,"Ocean View Beach, VA",ODU,26.251,-100.1785,2007-04-10,2025-06-29,36.9499,-76.2432,CODAR Ocean Sensors. SeaSonde,POINT (-76.243183 36.949933),http://hfradar.ndbc.noaa.gov/,http://hfradar.ioos.us/
stationlist.fid-5c8e7365_197ef1eced8_3325,VIR,"Virginia Key, FL",UMiami,12.7,-9999,2009-04-17,2025-06-29,25.7412,-80.1463,Helzel Messtechnik GmbH WERA,POINT (-80.1463 25.7412),http://hfradar.ndbc.noaa.gov/,http://hfradar.ioos.us/
stationlist.fid-5c8e7365_197ef1eced8_3326,WEST,"Key West, FL",USF,5.2625,-25.7339,2022-12-16,2025-06-25,24.5525,-81.7666,CODAR Ocean Sensors. SeaSonde,POINT (-81.766633 24.552467),http://hfradar.ndbc.noaa.gov/,http://hfradar.ioos.us/
stationlist.fid-5c8e7365_197ef1eced8_3327,WILD,Wildwood,Rutgers,4.463,-25.7339,2004-10-25,2025-06-29,38.9421,-74.8861,CODAR Ocean Sensors. SeaSonde,POINT (-74.886117 38.94215),http://hfradar.ndbc.noaa.gov/,http://hfradar.ioos.us/
stationlist.fid-5c8e7365_197ef1eced8_3328,WOOD,"North Wildwood, NJ",Rutgers,13.475,-49.6297,2012-01-27,2025-06-29,38.9909,-74.799,CODAR Ocean Sensors. SeaSonde,POINT (-74.79899999999999 38.99095),http://hfradar.ndbc.noaa.gov/,http://hfradar.ioos.us/
stationlist.fid-5c8e7365_197ef1eced8_3329,PBRW,"Point Barrow, AK",UAF,4.46,-25.7339,2013-07-31,2024-08-26,71.3789,-156.4787,CODAR Ocean Sensors. SeaSonde,POINT (-156.478733 71.3789),http://hfradar.ndbc.noaa.gov/,http://hfradar.ioos.us/
stationlist.fid-5c8e7365_197ef1eced8_332a,SDPD,"Susan Dionne Pad, Kenai, AK",UAF,13.5,-49.6297,2025-01-31,2025-06-29,60.1125,-151.5764,CODAR Ocean Sensors. SeaSonde,POINT (-151.576383 60.1125),http://hfradar.ndbc.noaa.gov/,http://hfradar.ioos.us/
stationlist.fid-5c8e7365_197ef1eced8_332b,SHSH,"Shishmaref, AK",UAF,4.8,-25.7339,2023-08-08,2025-04-09,66.2543,-166.0785,CODAR Ocean Sensors. SeaSonde,POINT (-166.078483 66.254283),http://hfradar.ndbc.noaa.gov/,http://hfradar.ioos.us/
stationlist.fid-5c8e7365_197ef1eced8_332c,WAIN,"Wainwright, AK",UAF,4.463,-25.7339,2009-09-13,2025-06-29,70.6434,-160.0271,CODAR Ocean Sensors. SeaSonde,POINT (-160.02705 70.643367),http://hfradar.ndbc.noaa.gov/,http://hfradar.ioos.us/
stationlist.fid-5c8e7365_197ef1eced8_332d,KAK,"Kaka'ako, HI",UH,26.31,-9999,2010-07-19,2025-06-29,21.2918,-157.8631,U. of Hawaii GHFDR,POINT (-157.8631 21.2918),http://hfradar.ndbc.noaa.gov/,http://hfradar.ioos.us/
stationlist.fid-5c8e7365_197ef1eced8_332e,KAL,"Kalaeloa, HI",UH,16.15,-9999,2010-09-08,2025-05-22,21.2974,-158.0836,U. of Hawaii GHFDR,POINT (-158.0836 21.2974),http://hfradar.ndbc.noaa.gov/,http://hfradar.ioos.us/
stationlist.fid-5c8e7365_197ef1eced8_332f,KAP,"Kapolei, HI",UH,13.5,-9999,2015-09-22,2025-06-29,21.3114,-158.117,U. of Hawaii GHFDR,POINT (-158.117 21.31135),http://hfradar.ndbc.noaa.gov/,http://hfradar.ioos.us/
stationlist.fid-5c8e7365_197ef1eced8_3330,KKH,"Keaukaha, HI",UH,16.15,-9999,2014-03-19,2025-06-29,19.732,-155.0485,U. of Hawaii GHFDR,POINT (-155.0485 19.732),http://hfradar.ndbc.noaa.gov/,http://hfradar.ioos.us/
stationlist.fid-5c8e7365_197ef1eced8_3331,KNA,"Kaena, HI",UH,16.15,-9999,2019-11-30,2025-06-29,21.5658,-158.2564,U. of Hawaii GHFDR,POINT (-158.2564 21.5658),http://hfradar.ndbc.noaa.gov/,http://hfradar.ioos.us/
stationlist.fid-5c8e7365_197ef1eced8_3332,KOK,"Koko Head, HI",UH,16.15,-9999,2010-07-19,2025-06-29,21.261,-157.703,U. of Hawaii GHFDR,POINT (-157.703 21.261),http://hfradar.ndbc.noaa.gov/,http://hfradar.ioos.us/
stationlist.fid-5c8e7365_197ef1eced8_3333,PPK,"Pepe'ekeo, HI",UH,26.31,-9999,2015-05-19,2025-06-29,19.8473,-155.0827,U. of Hawaii GHFDR,POINT (-155.0827 19.8473),http://hfradar.ndbc.noaa.gov/,http://hfradar.ioos.us/
